rollno,password
20001,password1
20002,password1
20003,password1
20004,password1
20005,password1
20006,password1
20007,password1
20008,password1
20009,password1
20010,password1
20011,password1
20012,password1
20013,password1
20014,password1
20015,password1
20016,password1
20017,password1
20018,password1
20019,password1
20020,password1
20021,password1
20022,password1
20023,password1
20024,password1
20025,password1
20026,password1
20027,password1
20028,password1
20029,password1
20030,password1
20031,password1
20032,password1
20033,password1
20034,password1
20035,password1
20036,password1
20037,password1
20038,password1
20039,password1
20040,password1
20041,password1
20042,password1
20043,password1
20044,password1
20045,password1
20046,password1
20047,password1
20048,password1
20049,password1
20050,password1
20051,password1
20052,password1
20053,password1
20054,password1
20055,password1
20056,password1
20057,password1
20058,password1
20059,password1
20060,password1
20061,password1
20062,password1
20063,password1
20064,password1
20065,password1
20066,password1
20067,password1
20068,password1
20069,password1
20070,password1
20071,password1
20072,password1
20073,password1
20074,password1
20075,password1
20076,password1
20077,password1
20078,password1
20079,password1
20080,password1
20081,password1
20082,password1
20083,password1
20084,password1
20085,password1
20086,password1
20087,password1
20088,password1
20089,password1
20090,password1
20091,password1
20092,password1
20093,password1
20094,password1
20095,password1
20096,password1
20097,password1
20098,password1
20099,password1
20100,password1
20101,password1
20102,password1
20103,password1
20104,password1
20105,password1
20106,password1
20107,password1
20108,password1
20109,password1
20110,password1
20111,password1
20112,password1
20113,password1
20114,password1
20115,password1
20116,password1
20117,password1
20118,password1
20119,password1
20120,password1
20121,password1
20122,password1
20123,password1
20124,password1
20125,password1
20126,password1
20127,password1
20128,password1
20129,password1
20130,password1
20131,password1
20132,password1
20133,password1
20134,password1
20135,password1
20136,password1
20137,password1
20138,password1
20139,password1
20140,password1
20141,password1
20142,password1
20143,password1
20144,password1
20145,password1
20146,password1
20147,password1
20148,password1
20149,password1
20150,password1
20151,password1
20152,password1
20153,password1
20154,password1
20155,password1
20156,password1
20157,password1
20158,password1
20159,password1
20160,password1
20161,password1
20162,password1
20163,password1
20164,password1
20165,password1
20166,password1
20167,password1
20168,password1
20169,password1
20170,password1
20171,password1
20172,password1
20173,password1
20174,password1
20175,password1
20176,password1
20177,password1
20178,password1
20179,password1
20180,password1
20181,password1
20182,password1
20183,password1
20184,password1
20185,password1
20186,password1
20187,password1
20188,password1
20189,password1
20190,password1
20191,password1
20192,password1
20193,password1
20194,password1
20195,password1
20196,password1
20197,password1
20198,password1
20199,password1
20200,password1
20201,password1
20202,password1
20203,password1
20204,password1
20205,password1
20206,password1
20207,password1
20208,password1
20209,password1
20210,password1
20211,password1
20212,password1
20213,password1
20214,password1
20215,password1
20216,password1
20217,password1
20218,password1
20219,password1
20220,password1
20221,password1
20222,password1
20223,password1
20224,password1
20225,password1
20226,password1
20227,password1
20228,password1
20229,password1
20230,password1
20231,password1
20232,password1
20233,password1
20234,password1
20235,password1
20236,password1
20237,password1
20238,password1
20239,password1
20240,password1
20241,password1
20242,password1
20243,password1
20244,password1
20245,password1
20246,password1
20247,password1
20248,password1
20249,password1
20250,password1
20251,password1
20252,password1
20253,password1
20254,password1
20255,password1
20256,password1
20257,password1
20258,password1
20259,password1
20260,password1
20261,password1
20262,password1
20263,password1
20264,password1
20265,password1
20266,password1
20267,password1
20268,password1
20269,password1
20270,password1
20271,password1
20272,password1
20273,password1
20274,password1
20275,password1
20276,password1
20277,password1
20278,password1
20279,password1
20280,password1
20281,password1
20282,password1
20283,password1
20284,password1
20285,password1
20286,password1
20287,password1
20288,password1
20289,password1
20290,password1
20291,password1
20292,password1
20293,password1
20294,password1
20295,password1
20296,password1
20297,password1
20298,password1
20299,password1
20300,password1
20301,password1
20302,password1
20303,password1
20304,password1
20305,password1
20306,password1
20307,password1
20308,password1
20309,password1
20310,password1
20311,password1
20312,password1
20313,password1
20314,password1
20315,password1
20316,password1
20317,password1
20318,password1
20319,password1
20320,password1
20321,password1
20322,password1
20323,password1
20324,password1
20325,password1
20326,password1
20327,password1
20328,password1
20329,password1
20330,password1
20331,password1
20332,password1
20333,password1
20334,password1
20335,password1
20336,password1
20337,password1
20338,password1
20339,password1
20340,password1
20341,password1
20342,password1
20343,password1
20344,password1
20345,password1
20346,password1
20347,password1
20348,password1
20349,password1
20350,password1
20351,password1
20352,password1
20353,password1
20354,password1
20355,password1
20356,password1
20357,password1
20358,password1
20359,password1
20360,password1
20361,password1
20362,password1
20363,password1
20364,password1
20365,password1
20366,password1
20367,password1
20368,password1
20369,password1
20370,password1
20371,password1
20372,password1
20373,password1
20374,password1
20375,password1
20376,password1
20377,password1
20378,password1
20379,password1
20380,password1
20381,password1
20382,password1
20383,password1
20384,password1
20385,password1
20386,password1
20387,password1
20388,password1
20389,password1
20390,password1
20391,password1
20392,password1
20393,password1
20394,password1
20395,password1
20396,password1
20397,password1
20398,password1
20399,password1
20400,password1
20401,password1
20402,password1
20403,password1
20404,password1
20405,password1
20406,password1
20407,password1
20408,password1
20409,password1
20410,password1
20411,password1
20412,password1
20413,password1
20414,password1
20415,password1
20416,password1
20417,password1
20418,password1
20419,password1
20420,password1
20421,password1
20422,password1
20423,password1
20424,password1
20425,password1
20426,password1
20427,password1
20428,password1
20429,password1
20430,password1
20431,password1
20432,password1
20433,password1
20434,password1
20435,password1
20436,password1
20437,password1
20438,password1
20439,password1
20440,password1
20441,password1
20442,password1
20443,password1
20444,password1
20445,password1
20446,password1
20447,password1
20448,password1
20449,password1
20450,password1
20451,password1
20452,password1
20453,password1
20454,password1
20455,password1
20456,password1
20457,password1
20458,password1
20459,password1
20460,password1
20461,password1
20462,password1
20463,password1
20464,password1
20465,password1
20466,password1
20467,password1
20468,password1
20469,password1
20470,password1
20471,password1
20472,password1
20473,password1
20474,password1
20475,password1
20476,password1
20477,password1
20478,password1
20479,password1
20480,password1
20481,password1
20482,password1
20483,password1
20484,password1
20485,password1
20486,password1
20487,password1
20488,password1
20489,password1
20490,password1
20491,password1
20492,password1
20493,password1
20494,password1
20495,password1
20496,password1
20497,password1
20498,password1
20499,password1
20500,password2
20501,password2
20502,password2
20503,password2
20504,password2
20505,password2
20506,password2
20507,password2
20508,password2
20509,password2
20510,password2
20511,password2
20512,password2
20513,password2
20514,password2
20515,password2
20516,password2
20517,password2
20518,password2
20519,password2
20520,password2
20521,password2
20522,password2
20523,password2
20524,password2
20525,password2
20526,password2
20527,password2
20528,password2
20529,password2
20530,password2
20531,password2
20532,password2
20533,password2
20534,password2
20535,password2
20536,password2
20537,password2
20538,password2
20539,password2
20540,password2
20541,password2
20542,password2
20543,password2
20544,password2
20545,password2
20546,password2
20547,password2
20548,password2
20549,password2
20550,password2
20551,password2
20552,password2
20553,password2
20554,password2
20555,password2
20556,password2
20557,password2
20558,password2
20559,password2
20560,password2
20561,password2
20562,password2
20563,password2
20564,password2
20565,password2
20566,password2
20567,password2
20568,password2
20569,password2
20570,password2
20571,password2
20572,password2
20573,password2
20574,password2
20575,password2
20576,password2
20577,password2
20578,password2
20579,password2
20580,password2
20581,password2
20582,password2
20583,password2
20584,password2
20585,password2
20586,password2
20587,password2
20588,password2
20589,password2
20590,password2
20591,password2
20592,password2
20593,password2
20594,password2
20595,password2
20596,password2
20597,password2
20598,password2
20599,password2
20600,password2
20601,password2
20602,password2
20603,password2
20604,password2
20605,password2
20606,password2
20607,password2
20608,password2
20609,password2
20610,password2
20611,password2
20612,password2
20613,password2
20614,password2
20615,password2
20616,password2
20617,password2
20618,password2
20619,password2
20620,password2
20621,password2
20622,password2
20623,password2
20624,password2
20625,password2
20626,password2
20627,password2
20628,password2
20629,password2
20630,password2
20631,password2
20632,password2
20633,password2
20634,password2
20635,password2
20636,password2
20637,password2
20638,password2
20639,password2
20640,password2
20641,password2
20642,password2
20643,password2
20644,password2
20645,password2
20646,password2
20647,password2
20648,password2
20649,password2
20650,password2
20651,password2
20652,password2
20653,password2
20654,password2
20655,password2
20656,password2
20657,password2
20658,password2
20659,password2
20660,password2
20661,password2
20662,password2
20663,password2
20664,password2
20665,password2
20666,password2
20667,password2
20668,password2
20669,password2
20670,password2
20671,password2
20672,password2
20673,password2
20674,password2
20675,password2
20676,password2
20677,password2
20678,password2
20679,password2
20680,password2
20681,password2
20682,password2
20683,password2
20684,password2
20685,password2
20686,password2
20687,password2
20688,password2
20689,password2
20690,password2
20691,password2
20692,password2
20693,password2
20694,password2
20695,password2
20696,password2
20697,password2
20698,password2
20699,password2
20700,password2
20701,password2
20702,password2
20703,password2
20704,password2
20705,password2
20706,password2
20707,password2
20708,password2
20709,password2
20710,password2
20711,password2
20712,password2
20713,password2
20714,password2
20715,password2
20716,password2
20717,password2
20718,password2
20719,password2
20720,password2
20721,password2
20722,password2
20723,password2
20724,password2
20725,password2
20726,password2
20727,password2
20728,password2
20729,password2
20730,password2
20731,password2
20732,password2
20733,password2
20734,password2
20735,password2
20736,password2
20737,password2
20738,password2
20739,password2
20740,password2
20741,password2
20742,password2
20743,password2
20744,password2
20745,password2
20746,password2
20747,password2
20748,password2
20749,password2
20750,password2
20751,password2
20752,password2
20753,password2
20754,password2
20755,password2
20756,password2
20757,password2
20758,password2
20759,password2
20760,password2
20761,password2
20762,password2
20763,password2
20764,password2
20765,password2
20766,password2
20767,password2
20768,password2
20769,password2
20770,password2
20771,password2
20772,password2
20773,password2
20774,password2
20775,password2
20776,password2
20777,password2
20778,password2
20779,password2
20780,password2
20781,password2
20782,password2
20783,password2
20784,password2
20785,password2
20786,password2
20787,password2
20788,password2
20789,password2
20790,password2
20791,password2
20792,password2
20793,password2
20794,password2
20795,password2
20796,password2
20797,password2
20798,password2
20799,password2
20800,password2
20801,password2
20802,password2
20803,password2
20804,password2
20805,password2
20806,password2
20807,password2
20808,password2
20809,password2
20810,password2
20811,password2
20812,password2
20813,password2
20814,password2
20815,password2
20816,password2
20817,password2
20818,password2
20819,password2
20820,password2
20821,password2
20822,password2
20823,password2
20824,password2
20825,password2
20826,password2
20827,password2
20828,password2
20829,password2
20830,password2
20831,password2
20832,password2
20833,password2
20834,password2
20835,password2
20836,password2
20837,password2
20838,password2
20839,password2
20840,password2
20841,password2
20842,password2
20843,password2
20844,password2
20845,password2
20846,password2
20847,password2
20848,password2
20849,password2
20850,password2
20851,password2
20852,password2
20853,password2
20854,password2
20855,password2
20856,password2
20857,password2
20858,password2
20859,password2
20860,password2
20861,password2
20862,password2
20863,password2
20864,password2
20865,password2
20866,password2
20867,password2
20868,password2
20869,password2
20870,password2
20871,password2
20872,password2
20873,password2
20874,password2
20875,password2
20876,password2
20877,password2
20878,password2
20879,password2
20880,password2
20881,password2
20882,password2
20883,password2
20884,password2
20885,password2
20886,password2
20887,password2
20888,password2
20889,password2
20890,password2
20891,password2
20892,password2
20893,password2
20894,password2
20895,password2
20896,password2
20897,password2
20898,password2
20899,password2
20900,password2
20901,password2
20902,password2
20903,password2
20904,password2
20905,password2
20906,password2
20907,password2
20908,password2
20909,password2
20910,password2
20911,password2
20912,password2
20913,password2
20914,password2
20915,password2
20916,password2
20917,password2
20918,password2
20919,password2
20920,password2
20921,password2
20922,password2
20923,password2
20924,password2
20925,password2
20926,password2
20927,password2
20928,password2
20929,password2
20930,password2
20931,password2
20932,password2
20933,password2
20934,password2
20935,password2
20936,password2
20937,password2
20938,password2
20939,password2
20940,password2
20941,password2
20942,password2
20943,password2
20944,password2
20945,password2
20946,password2
20947,password2
20948,password2
20949,password2
20950,password2
20951,password2
20952,password2
20953,password2
20954,password2
20955,password2
20956,password2
20957,password2
20958,password2
20959,password2
20960,password2
20961,password2
20962,password2
20963,password2
20964,password2
20965,password2
20966,password2
20967,password2
20968,password2
20969,password2
20970,password2
20971,password2
20972,password2
20973,password2
20974,password2
20975,password2
20976,password2
20977,password2
20978,password2
20979,password2
20980,password2
20981,password2
20982,password2
20983,password2
20984,password2
20985,password2
20986,password2
20987,password2
20988,password2
20989,password2
20990,password2
20991,password2
20992,password2
20993,password2
20994,password2
20995,password2
20996,password2
20997,password2
20998,password2
20999,password2
21000,password3
21001,password3
21002,password3
21003,password3
21004,password3
21005,password3
21006,password3
21007,password3
21008,password3
21009,password3
21010,password3
21011,password3
21012,password3
21013,password3
21014,password3
21015,password3
21016,password3
21017,password3
21018,password3
21019,password3
21020,password3
21021,password3
21022,password3
21023,password3
21024,password3
21025,password3
21026,password3
21027,password3
21028,password3
21029,password3
21030,password3
21031,password3
21032,password3
21033,password3
21034,password3
21035,password3
21036,password3
21037,password3
21038,password3
21039,password3
21040,password3
21041,password3
21042,password3
21043,password3
21044,password3
21045,password3
21046,password3
21047,password3
21048,password3
21049,password3
21050,password3
21051,password3
21052,password3
21053,password3
21054,password3
21055,password3
21056,password3
21057,password3
21058,password3
21059,password3
21060,password3
21061,password3
21062,password3
21063,password3
21064,password3
21065,password3
21066,password3
21067,password3
21068,password3
21069,password3
21070,password3
21071,password3
21072,password3
21073,password3
21074,password3
21075,password3
21076,password3
21077,password3
21078,password3
21079,password3
21080,password3
21081,password3
21082,password3
21083,password3
21084,password3
21085,password3
21086,password3
21087,password3
21088,password3
21089,password3
21090,password3
21091,password3
21092,password3
21093,password3
21094,password3
21095,password3
21096,password3
21097,password3
21098,password3
21099,password3
21100,password3
21101,password3
21102,password3
21103,password3
21104,password3
21105,password3
21106,password3
21107,password3
21108,password3
21109,password3
21110,password3
21111,password3
21112,password3
21113,password3
21114,password3
21115,password3
21116,password3
21117,password3
21118,password3
21119,password3
21120,password3
21121,password3
21122,password3
21123,password3
21124,password3
21125,password3
21126,password3
21127,password3
21128,password3
21129,password3
21130,password3
21131,password3
21132,password3
21133,password3
21134,password3
21135,password3
21136,password3
21137,password3
21138,password3
21139,password3
21140,password3
21141,password3
21142,password3
21143,password3
21144,password3
21145,password3
21146,password3
21147,password3
21148,password3
21149,password3
21150,password3
21151,password3
21152,password3
21153,password3
21154,password3
21155,password3
21156,password3
21157,password3
21158,password3
21159,password3
21160,password3
21161,password3
21162,password3
21163,password3
21164,password3
21165,password3
21166,password3
21167,password3
21168,password3
21169,password3
21170,password3
21171,password3
21172,password3
21173,password3
21174,password3
21175,password3
21176,password3
21177,password3
21178,password3
21179,password3
21180,password3
21181,password3
21182,password3
21183,password3
21184,password3
21185,password3
21186,password3
21187,password3
21188,password3
21189,password3
21190,password3
21191,password3
21192,password3
21193,password3
21194,password3
21195,password3
21196,password3
21197,password3
21198,password3
21199,password3
21200,password3
21201,password3
21202,password3
21203,password3
21204,password3
21205,password3
21206,password3
21207,password3
21208,password3
21209,password3
21210,password3
21211,password3
21212,password3
21213,password3
21214,password3
21215,password3
21216,password3
21217,password3
21218,password3
21219,password3
21220,password3
21221,password3
21222,password3
21223,password3
21224,password3
21225,password3
21226,password3
21227,password3
21228,password3
21229,password3
21230,password3
21231,password3
21232,password3
21233,password3
21234,password3
21235,password3
21236,password3
21237,password3
21238,password3
21239,password3
21240,password3
21241,password3
21242,password3
21243,password3
21244,password3
21245,password3
21246,password3
21247,password3
21248,password3
21249,password3
21250,password3
21251,password3
21252,password3
21253,password3
21254,password3
21255,password3
21256,password3
21257,password3
21258,password3
21259,password3
21260,password3
21261,password3
21262,password3
21263,password3
21264,password3
21265,password3
21266,password3
21267,password3
21268,password3
21269,password3
21270,password3
21271,password3
21272,password3
21273,password3
21274,password3
21275,password3
21276,password3
21277,password3
21278,password3
21279,password3
21280,password3
21281,password3
21282,password3
21283,password3
21284,password3
21285,password3
21286,password3
21287,password3
21288,password3
21289,password3
21290,password3
21291,password3
21292,password3
21293,password3
21294,password3
21295,password3
21296,password3
21297,password3
21298,password3
21299,password3
21300,password3
21301,password3
21302,password3
21303,password3
21304,password3
21305,password3
21306,password3
21307,password3
21308,password3
21309,password3
21310,password3
21311,password3
21312,password3
21313,password3
21314,password3
21315,password3
21316,password3
21317,password3
21318,password3
21319,password3
21320,password3
21321,password3
21322,password3
21323,password3
21324,password3
21325,password3
21326,password3
21327,password3
21328,password3
21329,password3
21330,password3
21331,password3
21332,password3
21333,password3
21334,password3
21335,password3
21336,password3
21337,password3
21338,password3
21339,password3
21340,password3
21341,password3
21342,password3
21343,password3
21344,password3
21345,password3
21346,password3
21347,password3
21348,password3
21349,password3
21350,password3
21351,password3
21352,password3
21353,password3
21354,password3
21355,password3
21356,password3
21357,password3
21358,password3
21359,password3
21360,password3
21361,password3
21362,password3
21363,password3
21364,password3
21365,password3
21366,password3
21367,password3
21368,password3
21369,password3
21370,password3
21371,password3
21372,password3
21373,password3
21374,password3
21375,password3
21376,password3
21377,password3
21378,password3
21379,password3
21380,password3
21381,password3
21382,password3
21383,password3
21384,password3
21385,password3
21386,password3
21387,password3
21388,password3
21389,password3
21390,password3
21391,password3
21392,password3
21393,password3
21394,password3
21395,password3
21396,password3
21397,password3
21398,password3
21399,password3
21400,password3
21401,password3
21402,password3
21403,password3
21404,password3
21405,password3
21406,password3
21407,password3
21408,password3
21409,password3
21410,password3
21411,password3
21412,password3
21413,password3
21414,password3
21415,password3
21416,password3
21417,password3
21418,password3
21419,password3
21420,password3
21421,password3
21422,password3
21423,password3
21424,password3
21425,password3
21426,password3
21427,password3
21428,password3
21429,password3
21430,password3
21431,password3
21432,password3
21433,password3
21434,password3
21435,password3
21436,password3
21437,password3
21438,password3
21439,password3
21440,password3
21441,password3
21442,password3
21443,password3
21444,password3
21445,password3
21446,password3
21447,password3
21448,password3
21449,password3
21450,password3
21451,password3
21452,password3
21453,password3
21454,password3
21455,password3
21456,password3
21457,password3
21458,password3
21459,password3
21460,password3
21461,password3
21462,password3
21463,password3
21464,password3
21465,password3
21466,password3
21467,password3
21468,password3
21469,password3
21470,password3
21471,password3
21472,password3
21473,password3
21474,password3
21475,password3
21476,password3
21477,password3
21478,password3
21479,password3
21480,password3
21481,password3
21482,password3
21483,password3
21484,password3
21485,password3
21486,password3
21487,password3
21488,password3
21489,password3
21490,password3
21491,password3
21492,password3
21493,password3
21494,password3
21495,password3
21496,password3
21497,password3
21498,password3
21499,password3
21500,password4
21501,password4
21502,password4
21503,password4
21504,password4
21505,password4
21506,password4
21507,password4
21508,password4
21509,password4
21510,password4
21511,password4
21512,password4
21513,password4
21514,password4
21515,password4
21516,password4
21517,password4
21518,password4
21519,password4
21520,password4
21521,password4
21522,password4
21523,password4
21524,password4
21525,password4
21526,password4
21527,password4
21528,password4
21529,password4
21530,password4
21531,password4
21532,password4
21533,password4
21534,password4
21535,password4
21536,password4
21537,password4
21538,password4
21539,password4
21540,password4
21541,password4
21542,password4
21543,password4
21544,password4
21545,password4
21546,password4
21547,password4
21548,password4
21549,password4
21550,password4
21551,password4
21552,password4
21553,password4
21554,password4
21555,password4
21556,password4
21557,password4
21558,password4
21559,password4
21560,password4
21561,password4
21562,password4
21563,password4
21564,password4
21565,password4
21566,password4
21567,password4
21568,password4
21569,password4
21570,password4
21571,password4
21572,password4
21573,password4
21574,password4
21575,password4
21576,password4
21577,password4
21578,password4
21579,password4
21580,password4
21581,password4
21582,password4
21583,password4
21584,password4
21585,password4
21586,password4
21587,password4
21588,password4
21589,password4
21590,password4
21591,password4
21592,password4
21593,password4
21594,password4
21595,password4
21596,password4
21597,password4
21598,password4
21599,password4
21600,password4
21601,password4
21602,password4
21603,password4
21604,password4
21605,password4
21606,password4
21607,password4
21608,password4
21609,password4
21610,password4
21611,password4
21612,password4
21613,password4
21614,password4
21615,password4
21616,password4
21617,password4
21618,password4
21619,password4
21620,password4
21621,password4
21622,password4
21623,password4
21624,password4
21625,password4
21626,password4
21627,password4
21628,password4
21629,password4
21630,password4
21631,password4
21632,password4
21633,password4
21634,password4
21635,password4
21636,password4
21637,password4
21638,password4
21639,password4
21640,password4
21641,password4
21642,password4
21643,password4
21644,password4
21645,password4
21646,password4
21647,password4
21648,password4
21649,password4
21650,password4
21651,password4
21652,password4
21653,password4
21654,password4
21655,password4
21656,password4
21657,password4
21658,password4
21659,password4
21660,password4
21661,password4
21662,password4
21663,password4
21664,password4
21665,password4
21666,password4
21667,password4
21668,password4
21669,password4
21670,password4
21671,password4
21672,password4
21673,password4
21674,password4
21675,password4
21676,password4
21677,password4
21678,password4
21679,password4
21680,password4
21681,password4
21682,password4
21683,password4
21684,password4
21685,password4
21686,password4
21687,password4
21688,password4
21689,password4
21690,password4
21691,password4
21692,password4
21693,password4
21694,password4
21695,password4
21696,password4
21697,password4
21698,password4
21699,password4
21700,password4
21701,password4
21702,password4
21703,password4
21704,password4
21705,password4
21706,password4
21707,password4
21708,password4
21709,password4
21710,password4
21711,password4
21712,password4
21713,password4
21714,password4
21715,password4
21716,password4
21717,password4
21718,password4
21719,password4
21720,password4
21721,password4
21722,password4
21723,password4
21724,password4
21725,password4
21726,password4
21727,password4
21728,password4
21729,password4
21730,password4
21731,password4
21732,password4
21733,password4
21734,password4
21735,password4
21736,password4
21737,password4
21738,password4
21739,password4
21740,password4
21741,password4
21742,password4
21743,password4
21744,password4
21745,password4
21746,password4
21747,password4
21748,password4
21749,password4
21750,password4
21751,password4
21752,password4
21753,password4
21754,password4
21755,password4
21756,password4
21757,password4
21758,password4
21759,password4
21760,password4
21761,password4
21762,password4
21763,password4
21764,password4
21765,password4
21766,password4
21767,password4
21768,password4
21769,password4
21770,password4
21771,password4
21772,password4
21773,password4
21774,password4
21775,password4
21776,password4
21777,password4
21778,password4
21779,password4
21780,password4
21781,password4
21782,password4
21783,password4
21784,password4
21785,password4
21786,password4
21787,password4
21788,password4
21789,password4
21790,password4
21791,password4
21792,password4
21793,password4
21794,password4
21795,password4
21796,password4
21797,password4
21798,password4
21799,password4
21800,password4
21801,password4
21802,password4
21803,password4
21804,password4
21805,password4
21806,password4
21807,password4
21808,password4
21809,password4
21810,password4
21811,password4
21812,password4
21813,password4
21814,password4
21815,password4
21816,password4
21817,password4
21818,password4
21819,password4
21820,password4
21821,password4
21822,password4
21823,password4
21824,password4
21825,password4
21826,password4
21827,password4
21828,password4
21829,password4
21830,password4
21831,password4
21832,password4
21833,password4
21834,password4
21835,password4
21836,password4
21837,password4
21838,password4
21839,password4
21840,password4
21841,password4
21842,password4
21843,password4
21844,password4
21845,password4
21846,password4
21847,password4
21848,password4
21849,password4
21850,password4
21851,password4
21852,password4
21853,password4
21854,password4
21855,password4
21856,password4
21857,password4
21858,password4
21859,password4
21860,password4
21861,password4
21862,password4
21863,password4
21864,password4
21865,password4
21866,password4
21867,password4
21868,password4
21869,password4
21870,password4
21871,password4
21872,password4
21873,password4
21874,password4
21875,password4
21876,password4
21877,password4
21878,password4
21879,password4
21880,password4
21881,password4
21882,password4
21883,password4
21884,password4
21885,password4
21886,password4
21887,password4
21888,password4
21889,password4
21890,password4
21891,password4
21892,password4
21893,password4
21894,password4
21895,password4
21896,password4
21897,password4
21898,password4
21899,password4
21900,password4
21901,password4
21902,password4
21903,password4
21904,password4
21905,password4
21906,password4
21907,password4
21908,password4
21909,password4
21910,password4
21911,password4
21912,password4
21913,password4
21914,password4
21915,password4
21916,password4
21917,password4
21918,password4
21919,password4
21920,password4
21921,password4
21922,password4
21923,password4
21924,password4
21925,password4
21926,password4
21927,password4
21928,password4
21929,password4
21930,password4
21931,password4
21932,password4
21933,password4
21934,password4
21935,password4
21936,password4
21937,password4
21938,password4
21939,password4
21940,password4
21941,password4
21942,password4
21943,password4
21944,password4
21945,password4
21946,password4
21947,password4
21948,password4
21949,password4
21950,password4
21951,password4
21952,password4
21953,password4
21954,password4
21955,password4
21956,password4
21957,password4
21958,password4
21959,password4
21960,password4
21961,password4
21962,password4
21963,password4
21964,password4
21965,password4
21966,password4
21967,password4
21968,password4
21969,password4
21970,password4
21971,password4
21972,password4
21973,password4
21974,password4
21975,password4
21976,password4
21977,password4
21978,password4
21979,password4
21980,password4
21981,password4
21982,password4
21983,password4
21984,password4
21985,password4
21986,password4
21987,password4
21988,password4
21989,password4
21990,password4
21991,password4
21992,password4
21993,password4
21994,password4
21995,password4
21996,password4
21997,password4
21998,password4
21999,password4
22000,password4
